LinB,,,,Rluc,,,
Res,Aa,AggreProt,ASA,Res,Aa,AggreProt,ASA
NA,NA,NA,NA,11,R,0.0241951704025269,54.373
NA,NA,NA,NA,12,K,0.0233532289663951,85.135
NA,NA,NA,NA,13,R,0.0128528773784637,56.654
1,M,0.00666648149490356,100,14,M,0.00860887765884399,13.81
2,S,0.00729367136955261,67.143,15,I,0.00754933555920919,14.973
3,L,0.0124414960543315,33.854,16,T,0.0076981857419014,17.073
4,G,0.0136880353093147,37.209,17,G,0.00929999351501465,1.163
5,A,0.0156433165073395,31.304,18,P,0.0129561871290207,61.429
6,K,0.0180247873067856,57.658,19,Q,0.0189712047576904,50.481
7,P,0.0186002254486084,42.857,20,W,0.0125445276498795,0
8,F,0.0240266472101212,23.043,21,W,0.0101197858651479,15.242
9,G,0.0420071979363759,11.628,22,A,0.00881869345903397,74.783
10,E,0.198208682239056,80.193,23,R,0.00896060466766357,38.783
11,K,0.312283366918564,22.072,24,C,0.00866500039895376,10.738
12,K,0.281319260597229,34.234,25,K,0.506249368190765,43.243
13,F,0.028703898191452,37.391,26,Q,0.266081184148788,55.288
14,I,0.0226383805274963,19.786,27,M,0.17971150080363,15.238
15,E,0.0212843716144562,60.87,28,N,0.139635734260082,64.674
16,I,0.0193653851747513,5.348,29,V,0.114277756214142,0.621
17,K,0.019249016046524,52.252,30,L,0.100252573688825,49.479
18,G,0.0179858853419622,74.419,31,D,0.0602255761623383,57.059
19,R,0.0166871249675751,26.616,32,S,0.52984718978405,12.143
20,R,0.0140338391065598,38.403,33,F,0.685867736736933,36.087
21,M,0.0110534926255544,0,34,I,0.5360042527318,2.674
22,A,0.00999765843153,0,35,N,0.431905102729797,1.63
23,Y,0.0122318983078003,8.171,36,Y,0.36198915541172,6.226
24,I,0.0125923802455266,3.209,37,Y,0.0177516639232636,7.393
25,D,0.015683114528656,14.706,38,D,0.0196008086204529,11.176
NA,NA,NA,NA,39,S,0.017599234978358,12.143
NA,NA,NA,NA,40,E,0.033859595656395,47.826
26,E,0.0143100470304489,32.367,41,K,0.0382419168949127,61.712
27,G,0.011524885892868,62.791,42,H,0.034202034274737,39.32
28,T,0.010488249361515,75,43,A,0.371113687753677,39.13
29,G,0.0119171679019928,58.14,44,E,0.341603919863701,61.836
30,D,0.0127930541833242,47.647,45,N,0.56104655067126,10.326
31,P,0.58407860994339,2.857,46,A,0.524002552032471,0
32,I,0.738155454397202,0,47,V,0.501776152849197,0
33,L,0.588733891646067,0,48,I,0.487113033731778,0
34,F,0.443226777017117,0,49,F,0.27984094619751,0
35,Q,0.357543039321899,0.481,50,L,0.142518579959869,0
36,H,0.300532430410385,0,51,H,0.0976927280426025,0
37,G,0.0301394164562225,0,52,G,0.0810797363519669,0
38,N,0.0735345333814621,1.087,53,N,0.080549293756485,6.522
39,P,0.0827511747678121,0.714,54,A,0.0769110669692357,2.609
40,T,0.29065078496933,1.22,55,A,0.0640648007392883,2.439
41,S,0.40880172252655,4.286,56,S,0.47273513674736,2.143
42,S,0.361180320382118,2.857,57,S,0.534289717674255,0
43,Y,0.0557371079921722,8.171,58,Y,0.49324594438076,0
44,L,0.0497696399688721,1.042,59,L,0.410990989208221,1.042
45,W,0.0372943381468455,0,60,W,0.344479501247406,0
46,R,0.0320277065038681,2.281,61,R,0.00981011986732483,0.38
47,N,0.0269049823284149,9.239,62,H,0.345796778798103,17.961
48,I,0.0231930762529373,0.535,63,V,0.237867693106333,0
49,M,0.00843003392219543,0.476,64,V,0.179537668824196,0
50,P,0.00929483771324158,40.714,65,P,0.148235303163528,40
51,H,0.014843761920929,28.155,66,H,0.124569669365883,20.388
52,C,0.241251558065414,0,67,V,0.0134207904338837,0
53,A,0.197086185216904,62.609,68,E,0.0157632678747177,21.256
54,G,0.317778284351031,93.023,69,P,0.0163838664690654,50.714
55,L,0.0108618438243866,24.479,70,V,0.261668488383293,16.149
56,G,0.504916414618492,1.163,71,A,0.212196165323257,0
57,R,0.527392854293187,17.11,72,R,0.177858298023542,7.224
58,L,0.644599907100201,2.604,73,C,0.00916439294815064,0
59,I,0.527872312068939,0,74,I,0.0100830942392349,0
60,A,0.449432253837585,0,75,I,0.0105856359004974,0
61,C,0.986578404903412,0,76,P,0.0128833651542664,0.714
62,D,0.495802968740463,0,77,D,0.011312198638916,0
63,L,0.333051890134811,0,78,L,0.0135974138975143,2.083
64,I,0.251524180173874,0.535,79,I,0.0083116888999939,1.07
65,G,0.202579843997955,0,80,G,0.01076540350914,0
66,M,0.169775918126106,0,81,M,0.0109413663546244,0
67,G,0.00704008340835571,8.14,82,G,0.0164394900202751,4.651
68,D,0.00680829584598541,39.412,83,K,0.0261586368083954,37.838
69,S,0.00653252998987834,3.571,84,S,0.0247056533892949,4.286
70,D,0.00816942751407623,31.176,85,G,0.0195976495742798,5.814
71,K,0.0104199588298798,28.829,86,K,0.031440332531929,40.09
72,L,0.0109966248273849,5.208,NA,NA,NA,NA
73,D,0.0161376595497131,75.294,NA,NA,NA,NA
74,P,0.0175685733556747,67.857,NA,NA,NA,NA
75,S,0.0152550836404165,20.714,87,S,0.0325530072053274,5.714
76,G,0.0147831812500954,12.791,88,G,0.0278695672750473,59.302
77,P,0.020138418674469,65,89,N,0.0261834263801575,56.522
78,E,0.0212036669254303,82.126,90,G,0.0350819975137711,39.535
79,R,0.0140727162361145,23.574,91,S,0.0113702416419983,24.286
80,Y,0.0137501507997513,0.389,92,Y,0.0124574601650238,5.447
81,A,0.0156539976596832,23.478,93,R,0.0104160209496816,22.433
82,Y,0.0150840878486633,0.389,94,L,0.00946492701768875,0
83,A,0.0138994216918945,39.13,95,L,0.00918267965316772,43.229
84,E,0.0133741001288096,20.29,96,D,0.00869940221309662,12.353
85,H,0.00791645050048828,0.971,97,H,0.0165668725967407,1.456
86,R,0.0110029280185699,23.194,98,Y,0.0204186737537384,6.226
87,D,0.010257343451182,47.647,99,K,0.024819274743398,36.937
88,Y,0.00974937528371811,10.117,100,Y,0.0243657827377319,0.778
89,L,0.00898203253746033,2.083,101,L,0.0235764861106873,3.646
90,D,0.00932981570561727,25.882,102,T,0.0230234911044439,21.951
91,A,0.0328476428985596,25.217,103,E,0.396175503730774,21.739
92,L,0.0256319493055344,0,104,W,0.257553294301033,0.372
93,W,0.0239538848400116,0.743,105,F,0.424730946620305,2.174
94,E,0.0217218995094299,64.734,106,K,0.321937963366508,71.014
95,A,0.0183604598045349,43.478,107,H,0.258768844604492,55.208
96,L,0.0170160333315531,3.125,108,L,0.217011138796806,3.125
97,D,0.0131426155567169,82.941,109,N,0.17240959405899,79.348
98,L,0.0134337693452835,3.125,110,L,0.332151532173157,14.062
99,G,0.0168716609477997,40.698,111,P,0.446963588396708,17.857
100,D,0.194898448884487,56.471,112,K,0.473253846168518,57.658
101,R,0.355901402235031,30.798,113,K,0.578427505493164,30.631
102,V,0.36539626121521,0,114,I,0.550834680596987,0
103,V,0.412870556116104,0,115,I,0.104803413152695,0
104,L,0.667349770665169,0.521,116,F,0.0547525584697723,0
105,V,0.448064555724462,0,117,V,0.0381757020950317,0
106,V,0.337306670844555,0,118,G,0.031262569129467,0
107,H,0.27254638671875,0,119,H,0.0262058198451996,0
108,D,0.230179712176323,7.647,120,D,0.0238072474797567,8.235
109,W,0.0156770348548889,1.859,121,W,0.00559455156326294,5.204
110,G,0.0218818485736847,0,122,G,0.475182265043259,0
111,S,0.0179697573184967,0,123,A,0.650032500425975,0.87
112,A,0.0161302089691162,0.87,124,C,0.737508043646812,0
113,L,0.0158658802509308,2.604,125,L,0.789747869968414,0
114,G,0.015906423330307,0,126,A,0.824503123760223,0
115,F,0.0176967978477478,0.435,127,F,0.0228151381015778,0.435
116,D,0.0174064338207245,0.588,128,H,0.0247825235128403,4.854
117,W,0.0151265958944956,1.859,129,Y,0.0227480828762054,1.556
118,A,0.0135428458452225,0,130,C,0.018566370010376,0
119,R,0.0131490051746368,24.335,131,Y,0.0174507737159729,30.739
120,R,0.0127848436435064,30.418,132,E,0.0176649938027064,49.758
121,H,0.0114454030990601,25.728,133,H,0.00515234470367432,24.757
122,R,0.0115049630403519,45.627,134,Q,0.00759714841842651,52.885
123,E,0.0385331710179647,73.913,135,D,0.00934335589408875,53.529
124,R,0.031130850315094,20.913,136,R,0.0127205476164818,19.772
125,V,0.0259023487567902,1.863,137,I,0.0361868143081665,6.952
126,Q,0.0230549871921539,9.135,138,K,0.0405825227499008,12.162
127,G,0.00463569164276123,0,139,A,0.594792723655701,0
128,I,0.00613592565059662,0.535,140,V,0.342552915215492,1.07
129,A,0.00793943802515666,0,141,V,0.235712250073751,0
130,Y,0.00914709270000458,0,142,H,0.299743488430977,0.485
131,M,0.0103324711322784,0,143,A,0.273663806915283,0
132,E,0.0107400864362717,1.449,144,E,0.371297001838684,0
133,A,0.00736474990844727,0,145,S,0.434968739748001,0
134,I,0.00630919635295868,3.209,146,V,0.674023732542992,9.938
135,A,0.00682911276817322,0,147,V,0.604105701049169,4.969
136,M,0.00904463231563568,5.714,148,D,0.455863475799561,24.118
137,P,0.0101209461688995,25,149,V,0.368662190437317,9.938
138,I,0.011814092596372,2.674,150,I,0.30831149717172,6.417
139,E,0.0158332586288452,48.309,151,E,0.0156610310077667,67.633
NA,NA,NA,NA,152,S,0.0131424069404602,40.714
140,W,0.0141141414642334,21.19,153,W,0.0111346244812012,20.074
141,A,0.0122917691866557,69.565,154,D,0.0104097351431847,90
142,D,0.0106685534119606,21.176,155,E,0.0109212398529053,58.454
143,F,0.0118149757385254,4.348,156,W,0.0106926659742991,18.959
144,P,0.0119708081086477,17.143,157,P,0.00586986541748047,28.571
145,E,0.0137687027454376,71.014,158,D,0.00990039110183716,81.176
146,Q,0.0138711333274841,64.904,159,I,0.00928619503974915,16.578
147,D,0.0123439729213715,16.471,160,E,0.0124111473560333,42.512
148,R,0.0116098448634148,23.194,161,E,0.0151122450828552,60.386
149,D,0.0117307364940643,72.941,162,D,0.0171634554862976,24.706
150,L,0.025641734401385,16.146,163,I,0.0160668194293976,8.556
151,F,0.0172035396099091,6.957,NA,NA,NA,NA
152,Q,0.0173554569482803,41.346,164,A,0.0116685181856155,45.217
153,A,0.0157796641190847,23.478,165,L,0.0114998718102773,30.208
154,F,0.0150702893733978,0,166,I,0.0123034194111824,0.535
155,R,0.0144371926784515,19.772,167,K,0.0211644172668457,27.928
156,S,0.0129219641288122,37.143,168,S,0.0185444007317225,35.714
157,Q,0.00944912433624268,77.885,169,E,0.0211673080921173,81.159
158,A,0.0121031850576401,36.522,170,E,0.0270729511976242,46.377
159,G,0.0847158630688985,0,171,G,0.0279637277126312,0
160,E,0.158991731703281,18.841,172,E,0.0341078341007233,24.155
161,E,0.245417994260788,64.734,173,K,0.0395910680294037,40.991
162,L,0.299915328621864,21.875,174,M,0.0460961957772573,10.476
163,V,0.341122031211853,0,175,V,0.154784768819809,0
164,L,0.17787729203701,5.208,176,L,0.389593407511711,9.375
165,Q,0.129892587661743,54.808,177,E,0.544038007656733,41.063
166,D,0.108882173895836,55.882,178,N,0.425862982869148,55.978
167,N,0.128922456502914,2.174,179,N,0.357911086082458,1.087
168,V,0.176798954606056,10.559,180,F,0.31175309419632,17.826
169,F,0.965751528739929,3.043,181,F,0.022161066532135,9.13
170,V,0.500884115695953,0,182,V,0.0140387266874313,0
171,E,0.344464242458343,37.198,183,E,0.0179251531759898,44.444
172,Q,0.261085093021393,50,184,T,0.0160997286438942,44.512
173,V,0.214131569862366,0.621,185,M,0.0146247327327728,13.043
174,L,0.184125433365504,0,186,L,0.0167599866787593,0
175,P,0.0322006642818451,31.429,187,P,0.0460789501667023,38.571
176,G,0.0208113938570023,56.977,188,S,0.0293094217777252,43.571
177,L,0.0165415505568186,7.812,189,K,0.0252444644769033,25.676
178,I,0.0148210525512695,4.813,190,I,0.0201450735330582,4.278
179,L,0.014710134267807,50,191,M,0.0184572160243988,41.905
180,R,0.0153266092141469,22.433,192,R,0.0181451638539632,21.293
181,P,0.0195589363574982,85.714,193,K,0.0220964252948761,55.856
182,L,0.0171404033899307,19.271,194,L,0.0330857485532761,11.979
183,S,0.0174417197704315,36.429,195,E,0.0462931394577026,8.696
184,E,0.0198115184903145,65.7,196,P,0.0540722906589508,65.714
185,A,0.0208243608474731,42.609,197,E,0.0612119555473328,31.884
186,E,0.0203214983145396,3.382,198,E,0.059654970963796,0.966
187,M,0.0112624168395996,7.143,199,F,0.0086192786693573,20
188,A,0.0114161670207977,28.696,200,A,0.00890369713306427,39.13
189,A,0.0124067465464274,24.348,201,A,0.0134327709674835,1.739
190,Y,0.0175495073199272,0.778,202,Y,0.0143759325146675,1.167
191,R,0.02464799284935,27.376,203,L,0.0155960559844971,18.229
192,E,0.029634028673172,44.928,204,E,0.0173766215642293,44.444
193,P,0.0195543766021729,10,205,P,0.0459162890911102,14.286
194,F,0.0125063359737396,0.435,206,F,0.0882374942302704,0.87
195,L,0.0106306572755178,58.333,207,K,0.344992975393931,50.901
196,A,0.010913148522377,49.565,208,E,0.291989170014858,51.691
197,A,0.0106554508209229,53.043,209,K,0.238394314050674,65.766
198,G,0.0104957024256388,20.93,210,G,0.19988939166069,25.581
199,E,0.0137721598148346,33.816,211,E,0.0143497288227081,50.725
200,A,0.0129898190498352,20,212,V,0.0124994963407516,27.329
201,R,0.0134392778078715,9.125,213,R,0.0131123960018158,6.084
202,R,0.0161426141858101,2.281,214,R,0.0158974528312683,15.589
203,P,0.0194207727909088,0,215,P,0.0192246437072754,1.429
204,T,0.0209838350613912,0,216,T,0.0208203941583633,0
205,L,0.0927522480487824,0,217,L,0.0615380108356476,0
206,S,0.077052041888237,4.286,218,S,0.0604323297739029,12.857
207,W,0.0556810796260834,0,219,W,0.0463053286075592,0
208,P,0.0635666027665138,0.714,220,P,0.0467705875635147,7.857
209,R,0.0553894519805908,16.35,221,R,0.0581084370613098,14.068
210,Q,0.048894926905632,11.058,222,E,0.0500444769859314,0.966
211,I,0.031030535697937,6.417,223,I,0.00857153534889221,7.487
212,P,0.0264832526445389,0,224,P,0.0141550600528717,2.857
NA,NA,NA,NA,225,L,0.012077401081721,9.896
213,I,0.0206118226051331,0.535,226,V,0.0110390335321426,31.677
214,A,0.0173771604895592,40.87,227,K,0.0126543045043945,65.315
215,G,0.0153383851051331,47.674,228,G,0.0121171325445175,75.581
216,T,0.0140913923581441,52.439,229,G,0.0197940468788147,13.953
217,P,0.0160360634326935,15.714,230,K,0.0213396549224854,27.027
218,A,0.505762234330177,64.348,231,P,0.0188428461551666,75.714
219,D,0.669915129741033,51.176,232,D,0.263551019132137,47.059
220,V,0.605653986334801,1.242,233,V,0.293414926528931,1.242
221,V,0.506809341907501,17.391,234,V,0.252450828750928,8.696
222,A,0.425589094559352,43.478,235,E,0.138834893703461,47.596
223,I,0.0110966265201569,13.369,236,I,0.0766004472970963,9.626
224,A,0.0115793347358704,0,237,V,0.0553602079550425,0
225,R,0.0127093295256297,65.019,238,R,0.0469485223293304,38.403
226,D,0.0135392472147942,41.765,239,N,0.047648561000824,31.522
227,Y,0.0135441303253174,0.389,240,Y,0.0433631440003713,0
228,A,0.0129514733950297,6.087,241,N,0.019101619720459,4.891
229,G,0.0115948021411896,41.86,242,A,0.0167003273963928,53.913
230,W,0.0133780837059021,10.037,243,Y,0.0163914958635966,11.284
231,L,0.0225537816683451,0,244,L,0.0152741223573685,0
232,S,0.0212303549051285,18.571,245,R,0.0152762591838837,39.544
233,E,0.0198540329933167,77.295,246,A,0.0138635188341141,64.348
234,S,0.0195646186669668,2.857,247,S,0.00479951500892639,9.286
235,P,0.052775651216507,73.571,248,H,0.00549861788749695,59.412
236,I,0.079533115029335,9.091,249,D,0.0116050442059835,92.353
237,P,0.217645327250163,25.714,250,L,0.0455714240670204,6.771
238,K,0.201900735497475,0.45,251,P,0.0603078961372376,20.714
239,L,0.190057909488678,0.521,252,K,0.0540063132842382,1.351
240,F,0.161327878634135,0,253,M,0.0325941741466522,0
241,I,0.0143346786499023,0.535,254,F,0.019635021686554,0
242,N,0.0154949277639389,1.63,255,I,0.0161865055561066,0
243,A,0.017619659503301,0.87,256,E,0.0185116156935692,16.908
244,E,0.0245104804635048,46.377,257,S,0.0191906213760376,0
245,P,0.0263213813304901,53.571,258,D,0.0195356756448746,38.824
246,G,0.0721020400524139,11.628,259,P,0.0252468287944794,50.714
NA,NA,NA,NA,260,G,0.022509440779686,13.953
NA,NA,NA,NA,261,F,0.101850042740504,16.522
NA,NA,NA,NA,262,F,0.131761342287064,6.087
NA,NA,NA,NA,263,S,0.137344336509705,0
NA,NA,NA,NA,264,N,0.118534023563067,53.804
247,A,0.0278966724872589,7.826,265,A,0.0170656740665436,9.565
248,L,0.0184651762247086,10.417,266,I,0.072571188211441,4.813
249,T,0.0209629535675049,0.61,267,V,0.0509342054526011,14.286
250,T,0.0178306102752686,18.902,268,E,0.0463292375206947,54.106
251,G,0.0165071964263916,48.837,269,G,0.0405898630619049,15.116
252,R,0.016008734703064,45.247,NA,NA,NA,NA
253,M,0.01442950963974,1.429,NA,NA,NA,NA
254,R,0.0174657106399536,11.407,NA,NA,NA,NA
255,D,0.0182266434033712,59.412,NA,NA,NA,NA
256,F,0.0162607356905937,21.304,NA,NA,NA,NA
257,C,0.014775013923645,0,270,A,0.0517199784517288,0
258,R,0.0148217032353083,43.726,271,K,0.240497171878815,55.405
259,T,0.0162264704704285,56.098,272,K,0.179517358541489,47.297
260,W,0.0204963684082031,3.346,273,F,0.13012237350146,1.304
261,P,0.0482909182707469,35,274,P,0.119428433477879,25
262,N,0.0423958525061607,54.348,275,N,0.10150471329689,47.283
263,Q,0.0641373991966248,21.154,276,T,0.0957765777905782,16.463
264,T,0.150258541107178,35.366,277,E,0.0551329851150513,28.019
265,E,0.0107734501361847,35.749,278,F,0.0519489645957947,25.217
266,I,0.0686355382204056,27.807,279,V,0.0373004774252574,9.938
267,T,0.0781344473361969,43.293,280,K,0.120863057672977,47.748
268,V,0.0632253959774971,4.969,281,V,0.0987734138965607,5.59
269,A,0.245697969198227,46.957,282,K,0.0857190688451131,61.261
270,G,0.371172005931536,0,283,G,0.488933771848679,0
271,A,0.851707577705383,7.826,284,L,0.267441228032112,18.229
272,H,0.630140110850334,5.825,285,H,0.181000202894211,4.369
273,F,0.423116723696391,0.435,286,F,0.13724547624588,2.174
274,I,0.318684570491314,0,287,S,0.1111467897892,0
275,Q,0.256706649065018,0.962,288,Q,0.0938691347837448,0.962
276,E,0.215366646647453,0.483,289,E,0.00731459259986877,2.415
277,D,0.00899982452392578,16.471,290,D,0.00905118882656097,20
278,S,0.0115328133106232,6.429,291,A,0.0105621516704559,9.565
279,P,0.013374795516332,0.714,292,P,0.0121243745088577,17.143
280,D,0.0130377560853958,34.706,293,D,0.0133545339107513,40
281,E,0.0198307752609253,54.106,294,E,0.0170586009820302,47.343
282,I,0.0173778186241786,0,295,M,0.00525000691413879,0
283,G,0.273645013570786,0,296,G,0.00811399519443512,0
284,A,0.140613704919815,40.87,297,N,0.0260873238245646,53.153
285,A,0.412856817245483,13.043,298,Y,0.028682753443718,29.572
286,I,0.324783451855183,0,299,I,0.028164541721344,0
287,A,0.262322849035263,1.739,300,K,0.0396813203891118,30.631
288,A,0.220628544688225,24.348,301,S,0.0339342057704926,31.429
289,F,0.00924012064933777,2.174,302,F,0.0393883585929871,2.609
290,V,0.00842240452766418,0,303,V,0.0281258622805277,0
291,R,0.00964983304341634,53.612,304,E,0.0257721990346909,32.85
292,R,0.0102635473012924,48.669,305,R,0.0219983279705048,33.84
293,L,0.0106317758560181,18.75,306,V,0.0426155179738998,6.832
294,R,0.0108772615591685,16.73,307,L,0.145701467990875,21.875
295,P,0.0121046900749207,60,308,K,0.145701467990875,74.775
296,A,0.0121046900749207,51.304,309,N,0.145701467990875,77.174
NA,NA,NA,NA,310,E,0.145701467990875,65.217
